http://abilene.craigslist.org,abilene
http://akroncanton.craigslist.org,akron / canton
http://albany.craigslist.org,albany
http://albanyga.craigslist.org,albany 
http://albuquerque.craigslist.org,albuquerque
http://altoona.craigslist.org,altoona-johnstown
http://amarillo.craigslist.org,amarillo
http://ames.craigslist.org,ames
http://anchorage.craigslist.org,anchorage / mat-su
http://annarbor.craigslist.org,ann arbor
http://annapolis.craigslist.org,annapolis
http://appleton.craigslist.org,appleton-oshkosh-FDL
http://asheville.craigslist.org,asheville
http://ashtabula.craigslist.org,ashtabula
http://athensga.craigslist.org,athens
http://athensohio.craigslist.org,athens 
http://atlanta.craigslist.org,atlanta
http://auburn.craigslist.org,auburn
http://augusta.craigslist.org,augusta
http://austin.craigslist.org,austin
http://bakersfield.craigslist.org,bakersfield
http://baltimore.craigslist.org,baltimore
http://batonrouge.craigslist.org,baton rouge
http://battlecreek.craigslist.org,battle creek
http://beaumont.craigslist.org,beaumont / port arthur
http://bellingham.craigslist.org,bellingham
http://bemidji.craigslist.org,bemidji
http://bend.craigslist.org,bend
http://billings.craigslist.org,billings
http://binghamton.craigslist.org,binghamton
http://bham.craigslist.org,birmingham
http://bismarck.craigslist.org,bismarck
http://bloomington.craigslist.org,bloomington
http://bn.craigslist.org,bloomington-normal
http://boise.craigslist.org,boise
http://boone.craigslist.org,boone
http://boston.craigslist.org,boston
http://boulder.craigslist.org,boulder
http://bgky.craigslist.org,bowling green
http://bozeman.craigslist.org,bozeman
http://brainerd.craigslist.org,brainerd
http://miami.craigslist.org/brw,broward county
http://brownsville.craigslist.org,brownsville
http://brunswick.craigslist.org,brunswick
http://buffalo.craigslist.org,buffalo
http://butte.craigslist.org,butte
http://capecod.craigslist.org,cape cod / islands
http://catskills.craigslist.org,catskills
http://cedarrapids.craigslist.org,cedar rapids
http://cenla.craigslist.org,central louisiana
http://centralmich.craigslist.org,central michigan
http://cnj.craigslist.org,central NJ
http://chambana.craigslist.org,champaign urbana
http://charleston.craigslist.org,charleston
http://charlestonwv.craigslist.org,charleston 
http://charlotte.craigslist.org,charlotte
http://charlottesville.craigslist.org,charlottesville
http://chattanooga.craigslist.org,chattanooga
http://chautauqua.craigslist.org,chautauqua
http://chicago.craigslist.org,chicago
http://chico.craigslist.org,chico
http://chillicothe.craigslist.org,chillicothe
http://cincinnati.craigslist.org,cincinnati
http://clarksville.craigslist.org,clarksville
http://cleveland.craigslist.org,cleveland
http://clovis.craigslist.org,clovis / portales
http://collegestation.craigslist.org,college station
http://cosprings.craigslist.org,colorado springs
http://columbia.craigslist.org,columbia
http://columbiamo.craigslist.org,columbia / jeff city
http://columbus.craigslist.org,columbus
http://columbusga.craigslist.org,columbus 
http://cookeville.craigslist.org,cookeville
http://corpuschristi.craigslist.org,corpus christi
http://corvallis.craigslist.org,corvallis/albany
http://chambersburg.craigslist.org,cumberland valley
http://dallas.craigslist.org,dallas / fort worth
http://danville.craigslist.org,danville
http://dayton.craigslist.org,dayton / springfield
http://daytona.craigslist.org,daytona beach
http://decatur.craigslist.org,decatur
http://nacogdoches.craigslist.org,deep east texas
http://delrio.craigslist.org,del rio / eagle pass
http://delaware.craigslist.org,delaware
http://denver.craigslist.org,denver
http://desmoines.craigslist.org,des moines
http://detroit.craigslist.org,detroit metro
http://dothan.craigslist.org,dothan
http://dubuque.craigslist.org,dubuque
http://duluth.craigslist.org,duluth / superior
http://eastidaho.craigslist.org,east idaho
http://eastoregon.craigslist.org,east oregon
http://eastco.craigslist.org,eastern CO
http://newlondon.craigslist.org,eastern CT
http://eastky.craigslist.org,eastern kentucky
http://montana.craigslist.org,eastern montana
http://eastnc.craigslist.org,eastern NC
http://martinsburg.craigslist.org,eastern panhandle
http://easternshore.craigslist.org,eastern shore
http://eauclaire.craigslist.org,eau claire
http://elpaso.craigslist.org,el paso
http://elko.craigslist.org,elko
http://elmira.craigslist.org,elmira-corning
http://erie.craigslist.org,erie
http://eugene.craigslist.org,eugene
http://evansville.craigslist.org,evansville
http://fairbanks.craigslist.org,fairbanks
http://fargo.craigslist.org,fargo / moorhead
http://farmington.craigslist.org,farmington
http://fayetteville.craigslist.org,fayetteville
http://fayar.craigslist.org,fayetteville 
http://fingerlakes.craigslist.org,finger lakes
http://flagstaff.craigslist.org,flagstaff / sedona
http://flint.craigslist.org,flint
http://florencesc.craigslist.org,florence
http://shoals.craigslist.org,florence / muscle shoals
http://keys.craigslist.org,florida keys
http://fortcollins.craigslist.org,fort collins / north CO
http://fortdodge.craigslist.org,fort dodge
http://fortlauderdale.craigslist.org,fort lauderdale
http://fortsmith.craigslist.org,fort smith
http://fortwayne.craigslist.org,fort wayne
http://frederick.craigslist.org,frederick
http://fredericksburg.craigslist.org,fredericksburg
http://fresno.craigslist.org,fresno / madera
http://fortmyers.craigslist.org,ft myers / SW florida
http://gadsden.craigslist.org,gadsden-anniston
http://gainesville.craigslist.org,gainesville
http://galveston.craigslist.org,galveston
http://glensfalls.craigslist.org,glens falls
http://goldcountry.craigslist.org,gold country
http://grandforks.craigslist.org,grand forks
http://grandisland.craigslist.org,grand island
http://grandrapids.craigslist.org,grand rapids
http://greatfalls.craigslist.org,great falls
http://greenbay.craigslist.org,green bay
http://greensboro.craigslist.org,greensboro
http://greenville.craigslist.org,greenville / upstate
http://micronesia.craigslist.org,guam-micronesia
http://gulfport.craigslist.org,gulfport / biloxi
http://norfolk.craigslist.org,hampton roads
http://hanford.craigslist.org,hanford-corcoran
http://harrisburg.craigslist.org,harrisburg
http://harrisonburg.craigslist.org,harrisonburg
http://hartford.craigslist.org,hartford
http://hattiesburg.craigslist.org,hattiesburg
http://honolulu.craigslist.org,hawaii
http://cfl.craigslist.org,heartland florida
http://helena.craigslist.org,helena
http://hickory.craigslist.org,hickory / lenoir
http://rockies.craigslist.org,high rockies
http://hiltonhead.craigslist.org,hilton head
http://holland.craigslist.org,holland
http://houma.craigslist.org,houma
http://houston.craigslist.org,houston
http://hudsonvalley.craigslist.org,hudson valley
http://humboldt.craigslist.org,humboldt county
http://huntington.craigslist.org,huntington-ashland
http://huntsville.craigslist.org,huntsville / decatur
http://imperial.craigslist.org,imperial county
http://indianapolis.craigslist.org,indianapolis
http://inlandempire.craigslist.org,inland empire
http://iowacity.craigslist.org,iowa city
http://ithaca.craigslist.org,ithaca
http://jackson.craigslist.org,jackson
http://jxn.craigslist.org,jackson 
http://jacksontn.craigslist.org,jackson 
http://jacksonville.craigslist.org,jacksonville
http://onslow.craigslist.org,jacksonville 
http://janesville.craigslist.org,janesville
http://jerseyshore.craigslist.org,jersey shore
http://jonesboro.craigslist.org,jonesboro
http://joplin.craigslist.org,joplin
http://kalamazoo.craigslist.org,kalamazoo
http://kalispell.craigslist.org,kalispell
http://kansascity.craigslist.org,kansas city
http://kenai.craigslist.org,kenai peninsula
http://kpr.craigslist.org,kennewick-pasco-richland
http://racine.craigslist.org,kenosha-racine
http://killeen.craigslist.org,killeen / temple / ft hood
http://kirksville.craigslist.org,kirksville
http://klamath.craigslist.org,klamath falls
http://knoxville.craigslist.org,knoxville
http://kokomo.craigslist.org,kokomo
http://lacrosse.craigslist.org,la crosse
http://lasalle.craigslist.org,la salle co
http://lafayette.craigslist.org,lafayette
http://tippecanoe.craigslist.org,lafayette / west lafayette
http://lakecharles.craigslist.org,lake charles
http://loz.craigslist.org,lake of the ozarks
http://lakeland.craigslist.org,lakeland
http://lancaster.craigslist.org,lancaster
http://lansing.craigslist.org,lansing
http://laredo.craigslist.org,laredo
http://lascruces.craigslist.org,las cruces
http://lasvegas.craigslist.org,las vegas
http://lawrence.craigslist.org,lawrence
http://lawton.craigslist.org,lawton
http://allentown.craigslist.org,lehigh valley
http://lewiston.craigslist.org,lewiston / clarkston
http://lexington.craigslist.org,lexington
http://limaohio.craigslist.org,lima / findlay
http://lincoln.craigslist.org,lincoln
http://littlerock.craigslist.org,little rock
http://logan.craigslist.org,logan
http://longisland.craigslist.org,long island
http://losangeles.craigslist.org,los angeles
http://louisville.craigslist.org,louisville
http://lubbock.craigslist.org,lubbock
http://lynchburg.craigslist.org,lynchburg
http://macon.craigslist.org,macon / warner robins
http://madison.craigslist.org,madison
http://maine.craigslist.org,maine
http://ksu.craigslist.org,manhattan
http://mankato.craigslist.org,mankato
http://mansfield.craigslist.org,mansfield
http://masoncity.craigslist.org,mason city
http://mattoon.craigslist.org,mattoon-charleston
http://mcallen.craigslist.org,mcallen / edinburg
http://meadville.craigslist.org,meadville
http://medford.craigslist.org,medford-ashland
http://memphis.craigslist.org,memphis
http://mendocino.craigslist.org,mendocino county
http://merced.craigslist.org,merced
http://meridian.craigslist.org,meridian
http://miami.craigslist.org/mdc,miami / dade
http://milwaukee.craigslist.org,milwaukee
http://minneapolis.craigslist.org,minneapolis / st paul
http://missoula.craigslist.org,missoula
http://mobile.craigslist.org,mobile
http://modesto.craigslist.org,modesto
http://mohave.craigslist.org,mohave county
http://monroe.craigslist.org,monroe
http://monroemi.craigslist.org,monroe 
http://monterey.craigslist.org,monterey bay
http://montgomery.craigslist.org,montgomery
http://morgantown.craigslist.org,morgantown
http://moseslake.craigslist.org,moses lake
http://muncie.craigslist.org,muncie / anderson
http://muskegon.craigslist.org,muskegon
http://myrtlebeach.craigslist.org,myrtle beach
http://nashville.craigslist.org,nashville
http://nh.craigslist.org,new hampshire
http://newhaven.craigslist.org,new haven
http://neworleans.craigslist.org,new orleans
http://blacksburg.craigslist.org,new river valley
http://newyork.craigslist.org,new york city
http://lakecity.craigslist.org,north central FL
http://nd.craigslist.org,north dakota
http://newjersey.craigslist.org,north jersey
http://northmiss.craigslist.org,north mississippi
http://northplatte.craigslist.org,north platte
http://nesd.craigslist.org,northeast SD
http://nmi.craigslist.org,northern michigan
http://wheeling.craigslist.org,northern panhandle
http://northernwi.craigslist.org,northern WI
http://nwct.craigslist.org,northwest CT
http://nwga.craigslist.org,northwest GA
http://nwks.craigslist.org,northwest KS
http://enid.craigslist.org,northwest OK
http://ocala.craigslist.org,ocala
http://odessa.craigslist.org,odessa / midland
http://ogden.craigslist.org,ogden-clearfield
http://okaloosa.craigslist.org,okaloosa / walton
http://oklahomacity.craigslist.org,oklahoma city
http://olympic.craigslist.org,olympic peninsula
http://omaha.craigslist.org,omaha / council bluffs
http://oneonta.craigslist.org,oneonta
http://orangecounty.craigslist.org,orange county
http://oregoncoast.craigslist.org,oregon coast
http://orlando.craigslist.org,orlando
http://outerbanks.craigslist.org,outer banks
http://owensboro.craigslist.org,owensboro
http://miami.craigslist.org/pbc,palm beach county
http://palmsprings.craigslist.org,palm springs
http://panamacity.craigslist.org,panama city
http://parkersburg.craigslist.org,parkersburg-marietta
http://pensacola.craigslist.org,pensacola
http://peoria.craigslist.org,peoria
http://philadelphia.craigslist.org,philadelphia
http://phoenix.craigslist.org,phoenix
http://csd.craigslist.org,pierre / central SD
http://pittsburgh.craigslist.org,pittsburgh
http://plattsburgh.craigslist.org,plattsburgh-adirondacks
http://poconos.craigslist.org,poconos
http://porthuron.craigslist.org,port huron
http://portland.craigslist.org,portland
http://potsdam.craigslist.org,potsdam-canton-massena
http://prescott.craigslist.org,prescott
http://provo.craigslist.org,provo / orem
http://pueblo.craigslist.org,pueblo
http://puertorico.craigslist.org,puerto rico
http://pullman.craigslist.org,pullman / moscow
http://quadcities.craigslist.org,quad cities
http://raleigh.craigslist.org,raleigh / durham / CH
http://rapidcity.craigslist.org,rapid city / west SD
http://reading.craigslist.org,reading
http://redding.craigslist.org,redding
http://reno.craigslist.org,reno / tahoe
http://providence.craigslist.org,rhode island
http://richmond.craigslist.org,richmond
http://richmondin.craigslist.org,richmond 
http://roanoke.craigslist.org,roanoke
http://rochester.craigslist.org,rochester
http://rmn.craigslist.org,rochester 
http://rockford.craigslist.org,rockford
http://roseburg.craigslist.org,roseburg
http://roswell.craigslist.org,roswell / carlsbad
http://sacramento.craigslist.org,sacramento
http://saginaw.craigslist.org,saginaw-midland-baycity
http://salem.craigslist.org,salem
http://salina.craigslist.org,salina
http://saltlakecity.craigslist.org,salt lake city
http://sanangelo.craigslist.org,san angelo
http://sanantonio.craigslist.org,san antonio
http://sandiego.craigslist.org,san diego
http://sfbay.craigslist.org,san francisco bay area
http://slo.craigslist.org,san luis obispo
http://sanmarcos.craigslist.org,san marcos
http://sandusky.craigslist.org,sandusky
http://santabarbara.craigslist.org,santa barbara
http://santafe.craigslist.org,santa fe / taos
http://santamaria.craigslist.org,santa maria
http://sarasota.craigslist.org,sarasota-bradenton
http://savannah.craigslist.org,savannah / hinesville
http://scottsbluff.craigslist.org,scottsbluff / panhandle
http://scranton.craigslist.org,scranton / wilkes-barre
http://seattle.craigslist.org,seattle-tacoma
http://sheboygan.craigslist.org,sheboygan
http://showlow.craigslist.org,show low
http://shreveport.craigslist.org,shreveport
http://sierravista.craigslist.org,sierra vista
http://siouxcity.craigslist.org,sioux city
http://siouxfalls.craigslist.org,sioux falls / SE SD
http://siskiyou.craigslist.org,siskiyou county
http://skagit.craigslist.org,skagit / island / SJI
http://southbend.craigslist.org,south bend / michiana
http://southcoast.craigslist.org,south coast
http://sd.craigslist.org,south dakota
http://miami.craigslist.org,south florida
http://southjersey.craigslist.org,south jersey
http://juneau.craigslist.org,southeast alaska
http://ottumwa.craigslist.org,southeast IA
http://seks.craigslist.org,southeast KS
http://semo.craigslist.org,southeast missouri
http://carbondale.craigslist.org,southern illinois
http://smd.craigslist.org,southern maryland
http://swv.craigslist.org,southern WV
http://swks.craigslist.org,southwest KS
http://swmi.craigslist.org,southwest michigan
http://marshall.craigslist.org,southwest MN
http://natchez.craigslist.org,southwest MS
http://bigbend.craigslist.org,southwest TX
http://swva.craigslist.org,southwest VA
http://spacecoast.craigslist.org,space coast
http://spokane.craigslist.org,spokane / coeur d'alene
http://springfield.craigslist.org,springfield
http://springfieldil.craigslist.org,springfield 
http://staugustine.craigslist.org,st augustine
http://stcloud.craigslist.org,st cloud
http://stgeorge.craigslist.org,st george
http://stjoseph.craigslist.org,st joseph
http://stlouis.craigslist.org,st louis
http://pennstate.craigslist.org,state college
http://statesboro.craigslist.org,statesboro
http://stillwater.craigslist.org,stillwater
http://stockton.craigslist.org,stockton
http://susanville.craigslist.org,susanville
http://syracuse.craigslist.org,syracuse
http://tallahassee.craigslist.org,tallahassee
http://tampa.craigslist.org,tampa bay area
http://terrehaute.craigslist.org,terre haute
http://texarkana.craigslist.org,texarkana
http://texoma.craigslist.org,texoma
http://thumb.craigslist.org,the thumb
http://toledo.craigslist.org,toledo
http://topeka.craigslist.org,topeka
http://treasure.craigslist.org,treasure coast
http://tricities.craigslist.org,tri-cities
http://tucson.craigslist.org,tucson
http://tulsa.craigslist.org,tulsa
http://tuscaloosa.craigslist.org,tuscaloosa
http://tuscarawas.craigslist.org,tuscarawas co
http://twinfalls.craigslist.org,twin falls
http://twintiers.craigslist.org,twin tiers NY/PA
http://easttexas.craigslist.org,tyler / east TX
http://virgin.craigslist.org,U.S. virgin islands
http://up.craigslist.org,upper peninsula
http://utica.craigslist.org,utica-rome-oneida
http://valdosta.craigslist.org,valdosta
http://ventura.craigslist.org,ventura county
http://burlington.craigslist.org,vermont
http://victoriatx.craigslist.org,victoria 
http://visalia.craigslist.org,visalia-tulare
http://waco.craigslist.org,waco
http://washingtondc.craigslist.org,washington
http://waterloo.craigslist.org,waterloo / cedar falls
http://watertown.craigslist.org,watertown
http://wausau.craigslist.org,wausau
http://wenatchee.craigslist.org,wenatchee
http://wv.craigslist.org,west virginia (old)
http://quincy.craigslist.org,western IL
http://westky.craigslist.org,western KY
http://westmd.craigslist.org,western maryland
http://westernmass.craigslist.org,western massachusetts
http://westslope.craigslist.org,western slope
http://wichita.craigslist.org,wichita
http://wichitafalls.craigslist.org,wichita falls
http://williamsport.craigslist.org,williamsport
http://wilmington.craigslist.org,wilmington
http://winchester.craigslist.org,winchester
http://winstonsalem.craigslist.org,winston-salem
http://worcester.craigslist.org,worcester / central MA
http://wyoming.craigslist.org,wyoming
http://yakima.craigslist.org,yakima
http://york.craigslist.org,york
http://youngstown.craigslist.org,youngstown
http://yubasutter.craigslist.org,yuba-sutter
http://yuma.craigslist.org,yuma
http://zanesville.craigslist.org,zanesville / cambridge